username,total_score
(:Julien:),592
-Midorihana-,693
-jha-,108
069952497a,864
1234r00t,649
131.211.210.14,30
1568,102
194.6.242.2,10
1ForTheMoney,708
202.58.85.8,134
211.30.169.132,1
23skidoo,992
24.93.170.23,0
2help,733
3leopard,410
5,100
64.230.2.27,0
6SJ7,589
71Demon,718
7OA,516
90,656
@pple,746
A.Z.,591
A6Patch,198
AAA!,761
ADH10,110
AGK,N/A
AKGhetto,657
ALargeElk,619
ANTONIOROCKS,N/A
AQu01rius,N/A
ATren,615
Aabha,N/A
Aaroncrick,643
Abcdefghijklm,N/A
Abecedare,"1,186"
Abhishek191288,104
Abrech,664
Abtmcm,420
Abögarp,626
Acalamari,"1,300"
Account,100
Acebulf,971
Achowat,879
Acs4b,728
Actown,493
AdamSmithee,639
Adamsan,649
Addyboy,N/A
Adjwilley,129
Adoptlesds,102
Adwiii,554
Aeonx,855
Aeusoes1,757
Afonso,N/A
Agathoclea,"1,174"
Agne27,805
Aguerriero,N/A
Ahunt,N/A
Aircorn,"1,022"
Aitias,930
Ajraddatz,"1,017"
Akradecki,924
Al-Qairawani,177
Alan.ca,727
Alanraywiki,102
Alaric,390
Albacore,100
Albion,N/A
Ale,N/A
Alessandra,100
Alex43223,901
AlexWaelde,787
Alexandros,626
Alexj2002,N/A
Alfakim,651
Ali-oops,100
AlioTheFool,544
AliveFreeHappy,771
Allanon,519
Allmightyduck,806
Almog,N/A
Alphachimp,"1,009"
Alterego,579
Alx-pl,517
Amalas,702
Amazon10x,465
Amcbride,750
American,N/A
Aminz,N/A
Amorymeltzer,"1,191"
Amynewyork4248,477
Anas,N/A
Ancient,100
AndieM,125
AndreasWashington,164
Andrew,100
AndrewN,765
AndriyK,516
Andrzej18,526
AndyTheGrump,954
AnemoneProjectors,N/A
Angelbo,582
Anglius,528
Angusmclellan,"1,038"
Animum,"1,019"
AnkhMorpork,N/A
Anna,100
AnonEMouse,844
Anonymous101,720
Anser,N/A
Antares911,2
Anthony,733
Antidiskriminator,831
AntonioMartin,N/A
Anárion,601
Apis,100
Appleboy,424
ApprenticeFan,913
Apyule,705
Ar,286
Aranae,720
Arbeit,138
Arcandam,623
Archaeo,290
Archon,N/A
Ardenn,715
AresAndEnyo,535
Argyriou,734
ArieScheurwater,602
Arimareiji,463
Arkady,N/A
Armanaziz,900
Arminius,552
Arnon,365
Arrow740,688
Arsonal,768
ArthurWeasley,508
Arvindn,551
Asbestos,756
AshLin,910
Ashenai,732
Asim,343
Asperal,444
Asteraki,551
Astronaut,784
Asyndeton,483
Atari2600tim,612
AtheWeatherman,794
Atlas87,190
Atomician,574
Aua,847
Audacitor,465
Auger,N/A
AussieLegend,N/A
Autocracy,719
Avalon,715
Avenue,758
Avineshjose,102
Avraham,"1,200"
Awesome,141
AxG,"1,058"
Axon,664
Ayinyud,577
Azylber,752
B.wilson,N/A
BBwoman1,281
BM,703
BRUTE,605
Baad,526
BabyNuke,624
Backslash,N/A
Badbilltucker,824
Badmintonhist,504
Bahudhara,745
BalanceRestored,517
Balloonman,750
Banes,784
Barfbagger,548
Barneca,788
BarretBonden,102
Baryonyx,498
BashmentBoy,497
Bassistphysicist,328
BazookaJoe,557
Bbik,623
Bcorr,885
Beamathan,584
Bearly541,685
Becritical,721
Beelzebubs,544
Bejinhan,734
Bellatrix,N/A
Ben,664
Bencherlite,"1,081"
Benjiboi,930
Benon,N/A
Benzband,817
Berig,"1,029"
BesigedB,614
Bethling,703
Beyond495,429
Bgs022,102
Bhouston,105
Biekko,N/A
BigDT,107
BigNate37,707
Bigjake,412
Bigtimepeace,916
Bikasuishin,516
BillCJ,103
Billy,N/A
Biofoundationsoflanguage,555
Biruitorul,991
Bjewiki,580
Björn,100
BlackJack,761
Blacksun,489
Blanchardb,"1,097"
Blaxthos,835
Bling-chav,149
Blooded,N/A
Blow,N/A
BlueAmethyst,656
BlueQ99,430
Blueboar,989
Bluelist,271
Blurpeace,"1,068"
Bmicomp,856
BoNoMoJo,358
Bobanni,617
Bobdoe,704
Bobthefish2,437
Bogman2,261
Bonadea,"1,200"
Bongwarrior,N/A
Bookofjude,813
Borb,567
Boris,100
Boulevardier,549
Boven,627
Boy1jhn,510
Brad101,819
Brain,N/A
Brandon,986
Breawycker,"1,071"
Bretonbanquet,"1,037"
BrianSmithson,N/A
Briangotts,809
Bridgeplayer,740
Brimba,620
BrokenSegue,"1,026"
Brothejr,656
Brownman40,449
Brya,617
Bryson109,725
Bsimmons666,721
Btilm,863
Buchanan-Hermit,"1,005"
Budgiekiller,N/A
Buggie111,949
Bukrafil,411
Bumm13,953
Burgwerworldz,605
Burntsauce,627
Bushytails,648
Butterflys,274
Bwrs,885
C'est,102
C.Logan,567
CAPS,0
CE,313
CJCurrie,"1,018"
CL,629
CO,751
CQJ,666
CTSWyneken,677
CWood,478
Cactus.man,"1,093"
Cadonian,120
Caf3623,472
Caknuck,972
Caliga10,643
Callipides,N/A
Calton,874
Camaeron,N/A
Camelbinky,104
Camw,"1,097"
Canadian2006,565
Canderous0,100
Canley,965
Cantthinkofagoodname,625
Canuckman,412
Capitalismojo,860
CaptainVindaloo,749
Carabinieri,773
Carbonrodney,708
Carerra,N/A
Carla,413
Carnildo,851
Carrp,602
Casper2k3,771
Cassowary,576
Cat,100
Catfish,N/A
Causesobad,585
Cbl62,N/A
Cctoide,444
Ceazar77,101
Celain,423
Celithemis,743
Ceoil,N/A
Cerebellum,"1,002"
Ceyockey,"1,055"
Chairman,100
Chammy,N/A
Channel,102
Chardish,725
CharlieEchoTango,966
Chaser2,410
Chcknwnm,621
CheekyMonkey,561
Chelseaboy,N/A
ChesPal,518
Chetblong,100
Chicken,N/A
ChildofMidnight,905
Chimeric,N/A
Chmouel,548
Chosen,N/A
Chris.B,N/A
ChrisBradley,287
ChrisO,N/A
Chrishonduras,N/A
Chrism,835
Christopherparham,N/A
Chuck,N/A
Churn,N/A
Chzz,"1,100"
Cindamuse,"1,115"
Citizen,538
Ckatz,"1,095"
Clarkbhm,646
Cleared,102
Cleonis,648
CloneDeath,372
Clovis,100
ClubOranje,870
Cmach7,450
Cncmaster,888
Coasterlover1994,824
Cocytus,805
Coemgenus,911
Cold,143
Collard,484
Colonel,100
ColumbusCrew29,490
Commodore,367
Computerjoe,831
Conce,512
Connel,N/A
Consumed,N/A
Cookiecaper,N/A
Coolcaesar,836
CorbinSimpson,707
Coricus,524
CorrectKnowledge,N/A
Cosmokazi,432
Countincr,675
Cowardly,126
Crackthewhip775,712
Cranberry,0
CrazyInSane,103
Crazytales56297,N/A
CredoFromStart,599
Cretanforever,731
Crisco,N/A
Crisu,596
Crockspot,816
Crossmr,814
Crowsnest,901
Cryptfiend64,503
Crystalfile,422
Csnewton,411
Cuchullain,976
Cumbrowski,759
Cuprum17,727
Cusop,100
Cwire4,153
Cybercobra,"1,022"
CycloneGU,809
Cygnis,N/A
Cynwolfe,904
Czac,430
D'n,514
D.M.N.,820
DBZROCKS,730
DCLXVI,325
DDima,904
DFS454,813
DGrimshaw,107
DINOMAN,600
DMacks,N/A
DRK,544
DVD,N/A
Dacium,512
Daedalus969,893
Dahn,879
Dakpowers,N/A
Damsleth,440
DanBlackham,449
Danaman5,833
Danger,"1,103"
Daniel11,588
DanielDemaret,720
Danielfolsom,N/A
Daniil,105
Danntm,700
Dantheman531,659
Dario,N/A
DarkHorizon,628
Darkness,100
Darkstar1st,626
Darthgriz98,871
DaughterofSun,614
Daveh4h,666
Davewild,"1,008"
David1217,102
DavidJJJ,514
DavidWS,102
Davidjk,612
Davidwr,896
Davtra,100
Dbachmann,N/A
Dbm11085,566
Dc76,759
Dcoetzee,812
De728631,"1,176"
Deadbeef,963
DearCatastropheWaitress,507
December21st2012Freak,100
Deco,N/A
Deelkar,606
Deepujoseph,N/A
Deipnosophista,626
Dekkappai,800
Delirium,"1,152"
Demi,688
Demonweed,288
Dengero,830
Dennis,N/A
Deor,N/A
Derek.cashman,645
Derumi,714
Deserted,N/A
Deus,N/A
Dewet,649
Dh993,528
DiLuna25,321
Diberri,688
Didie,401
Dieter,N/A
DigitalNinja,692
Diligent,445
Dineshkannambadi,657
Dionyseus,753
Disavian,933
Dissident,748
Divide,464
Djlayton4,672
Dlae,748
Dmadeo,814
Dmn,768
Doc9871,774
Doctorbruno,611
Dogposter,573
Dolive21,653
Dominick,750
Don,N/A
Donama,751
DonnEdwards,545
Doomgaze,109
DoriSmith,929
Dottydotdot,523
Douglasmtaylor,N/A
Downunda,N/A
Dpmuk,N/A
Dr.Gonzo,540
Dr.khan,216
DrL,590
Draftydoor,260
Dragonfiend,715
Dravecky,881
Drdak,544
DreamHaze,628
Drew,126
Drizzt,102
Drmies,N/A
Dromioofephesus,608
Dryman,523
Dspserpico,705
Duck,N/A
Duke,100
DuncanHill,N/A
Dureo,685
DustFormsWords,724
Dvortygirl,431
Dwayne,841
Dwr12,385
Dylant07,484
DÜNGÁNÈ,N/A
E@L,N/A
EJF,841
EVula,"1,109"
Eagleamn,732
Eaomatrix,523
East,N/A
EauOo,541
Eclectek,569
EconomicsGuy,693
EdBoy002,N/A
EddEdmondson,526
Edgar181,N/A
Edinburgh,N/A
Editing,295
Editwriter2300,101
Eduard,N/A
Edwin,448
Eequor,808
Egg,448
Einar,N/A
Ejgreen77,900
El,N/A
Elaragirl,731
ElectricEye,579
Elekhh,883
EleoTager,361
Eli,N/A
EliminatorJR,103
Eliyohub,287
Ellisjm,N/A
Elrith,585
Emarsee,730
Emmelie,282
Ems2,618
Encephalon,749
Endofskull,N/A
English,N/A
Enkil,N/A
Enviroknot,313
Epicgenius,N/A
Equendil,786
Eric,859
Ericg,565
ErikHaugen,"1,045"
Errabee,571
Eskimospy,531
Esrever,872
Esteffect,100
Etacar11,660
Etineskid,731
EugeneZelenko,554
EurowikiJ,430
Euthymios,420
Evanh2008,942
Evermore2,632
Evilgohan2,840
ExRat,918
Executor,N/A
ExplicitImplicity,560
Extra999,861
Extremepro,787
Ezhiki,N/A
FCYTravis,N/A
FNMF,541
Fabrib,621
Fadix,584
Fail,104
Faithlessthewonderboy,972
Falphin,723
Fangz,760
Fasach,0
Fatal!ty,545
Fawcett5,943
Fbv65edel,783
Feezo,"1,186"
FellowWikipedian,532
Ferddog,454
Ferrylodge,N/A
Feydey,"1,050"
Filiocht,633
Filnik,502
Fineday,247
Finlay,422
Fire,100
Fireduck,207
Firsfron,"1,061"
Fishboy,246
Fixman,611
Flaming,717
FleetCommand,775
Flex,778
Floaterfluss,644
Floquenbeam,"1,189"
Floul1,720
FluffyPug,318
Flyguy649,"1,025"
Fneep,432
Folajimi,689
Footyfanatic3000,638
ForestH2,660
Fortunecookie289,538
Fowler&fowler,907
Fr33kMan,N/A
Franamax,858
Francium12,100
FrankWilliams,681
Frazzydee,846
Fred.e,528
Fredrik,719
FreelanceWizard,646
French,N/A
Fribbler,757
FriedMilk,601
Frise,430
Frood,"1,022"
FrummerThanThou,709
Fuelbottle,582
Funandtrvl,N/A
FunnyMan3595,N/A
Furon,N/A
FutureNJGov,N/A
Fvasconcellos,N/A
Fæ,N/A
GAThrawn22,N/A
GDonato,N/A
GIen,N/A
GO-PCHS-NJROTC,N/A
GSK,N/A
Gabbec,N/A
Gadfium,N/A
Gaff,N/A
Gallaghp,N/A
Gamer28,N/A
Gandydancer,N/A
GangstaEB,N/A
Garden,N/A
Gargaj,N/A
Garrondo,N/A
Garzo,N/A
Gavbadger,N/A
Gaz,N/A
Gcbirzan,N/A
Ged,N/A
Gen.,N/A
GeneralIroh,N/A
Geniac,N/A
Geo.plrd,N/A
Geohevy,N/A
GeorgeMoney,N/A
Geraldk,N/A
Get-back-world-respect,N/A
Gggh,N/A
Ghostbusters,N/A
Giano,N/A
Giftiger,N/A
GilbertoSilvaFan,N/A
Gilliam,N/A
Gimme,N/A
Ginkgo100,949
Gkhan,N/A
Glenfarclas,867
Gmaxwell,760
Gnowor,N/A
Goatasaur,567
Goethean,918
GoldDragon,493
Goldensun,104
Gonzo,N/A
GoodCop,407
Goodshoped35110s,596
GordonWatts,520
Gosgood,637
Gpyoung,524
GraemeL,"1,026"
Graibeard,638
Grandmasterka,102
Gravitan,610
Grcampbell,N/A
Green451,701
Greenmountainboy,200
GregNorc,359
Greier,555
Gretab,432
Grim23,805
Gromlakh,917
GroovySandwich,706
Grubber,713
GruntiIda,114
Gryllida,844
Gtdp,717
Gubbubu,557
Guinnog,113
Gungadin,812
Gurubrahma,875
Guycalledryan,704
Gwandoya,612
Gwguffey,580
GyroMagician,604
H2O,N/A
HAL2008,N/A
HIZKIAH,455
HPJoker,503
Haber,565
Hadžija,593
Haham,N/A
Hairchrm,549
Hal,N/A
Hallows,N/A
Hammer1980,"1,049"
HandiGoatMasala,112
Hanuman,240
HappyCamper,930
Hardtofindaname,579
Harland1,831
Harpchad,524
Harry,100
Hassocks5489,826
Haukurth,976
Hawkestone,656
Haymaker,641
Hazir,549
Hdt83,989
Heather,662
Heidijane,506
Hekerui,834
HellinaBucket,170
Heltec,382
Hendry,417
Henry,120
Heraclius,584
HerkusMonte,713
Heron,771
Hestiaea,223
HeyNow10029,526
Hhhippo,658
Hiddenhearts,628
Highfields,634
Hillman,662
Hirak,N/A
Hit,N/A
Hlj,780
Hobbeslover,152
Hokeman,669
Holy,N/A
Homunculus,627
HooperBandP,539
Horlo,482
Hort,N/A
HotHat,735
Howabout1,607
Hpfan9374,N/A
Huaiwei,854
Hughesdarren,"1,000"
Humblefool,641
Hurricane,N/A
HuskyHuskie,674
Hydnjo,684
Hyperbole,545
I'm,N/A
I@n,N/A
IComputerSaysNo,694
II,N/A
IMatthew,104
IRWolfie-,N/A
Iain99,903
Iamzodyourzodeveryzod,298
Ianblair23,931
Icairns,846
Iceflow,103
Icewolf34,499
Icseaturtles,746
Ifnord,"1,047"
Igorberger,616
Ikh,704
Ilikepie2221,671
Ilyanep,796
Imdaking,608
Immunize,900
ImperfectlyInformed,790
Improfane,192
InDeBiz1,N/A
Indiver,387
Infinity0,640
Ingoolemo,N/A
Inks.LWC,967
Inter,978
Intoronto1125,883
Ioeth,"1,109"
Irbisgreif,742
Iriseyes,492
Irmgard,647
Irongargoyle,111
Isaacsf,N/A
Isentropiclift,454
Islaammaged126,575
Isolani,698
It,N/A
Italick,428
Itfc+canes=me,610
IvoShandor,838
J,230
J.Steinbock,542
JASpencer,925
JCDenton2052,635
JD,446
JForget,"1,100"
JHunterJ,950
JLDW,393
JP06035,N/A
JRM,730
JStewart,593
Jaakobou,744
Jachin,704
Jack1956,"1,026"
Jackieboy87,524
Jackyd101,826
Jafeluv,"1,001"
Jaimaster,479
Jakken,481
James.Spudeman,523
JamesLucas,835
Jamesontai,952
Jan,100
Jareha,806
Jarry1250,"1,030"
Jasont82,N/A
Jauerback,"1,112"
Javert,813
Jay*Jay,346
JayLeno175,553
Jaymacdonald,321
Jbamb,558
Jboyle4eva,419
Jccort,587
Jd027,N/A
JeLuF,536
Jeanne,106
Jedd,N/A
Jeff,0
Jeffrey,N/A
Jengod,904
Jennavecia,N/A
Jeremjay24,715
Jerrch,693
Jespinos,554
Jet123,104
Jezhotwells,985
Jgmikulay,628
Jhbuk,688
Jibran1,467
JimMillerJr,748
JimmyBlackwing,754
Jishacj,586
Jj98,N/A
Jmajeremy,856
Jmlk17,963
Jni,942
JoJo,502
Jock,437
Joe,100
Joeferret,146
Joey.thompson@gmail.com,N/A
John,N/A
JohnFromPinckney,854
Johnfos,797
JohnnyAlbert10,644
Johnson542,N/A
Jokestress,916
JonasEncyclopedia,100
Jonathunder,902
Jontsang,N/A
Jord,767
Josette,679
JoshuaKuo,632
Jossifresco,N/A
Jovanvb,N/A
Jozal,102
Jprg1966,"1,124"
Jriddell,289
Jscott,365
Jsmith86,589
Jtrainor,750
Juansidious,618
Jujutacular,"1,006"
Julius,N/A
June,N/A
Juntung,620
JustGettingItRight,385
Justin,645
Jute,N/A
Jwrosenzweig,804
Jón,626
KAS,457
KFP,945
KNM,594
KSmrq,622
Kafziel,933
Kaibabsquirrel,604
Kaiwhakahaere,533
Kalathalan,639
Kama,395
Kanatonian,866
Kangie,671
Kappa,706
Kareeser,723
Karmafist,825
Karwynn,476
Katarighe,100
Kathryn,N/A
Kayau,884
Kbrose,713
KeYYeK,245
Keegan,"1,084"
Keesiewonder,715
KeithD,716
Kelly,804
Kennedygr,101
KensingtonBlonde,393
Kerotan,671
Kevin12xd,864
Keystoneridin,717
Khalif,373
Khazar2,N/A
Khorshid,697
Kickstart70,727
Kierzek,828
Killerofkiller,173
Kilopi,615
KimvdLinde,N/A
King,N/A
Kingrock,N/A
Kirachinmoku,N/A
Kittybrewster,851
Kkrouni,530
Kleopatra,536
Kmorozov,687
KnightLago,"1,035"
KnowledgeOfSelf,911
Knuckle,N/A
Kodster,651
Kolokol,501
Kookykman,706
Korruski,674
Kpalion,894
Kralizec!,"1,151"
Krator,737
Kribbeh,605
Krm500,763
Kscottbailey,N/A
Kubek15,892
KuduIO,746
Kung,N/A
Kurieeto,585
Kushan,105
Kuzaar,752
Kwsn,102
Kylu,752
Kzrulzuall,N/A
L0b0t,707
L33tminion,677
LOL,592
LWF,708
Lady,N/A
Lakers,725
Lambanog,605
Lan3y,114
Lankybugger,N/A
LaraLove,103
Latebird,748
Laurinavicius,640
Lazulilasher,944
Ld,771
LeadSongDog,914
Lecen,623
Leebo,918
LegCircus,616
Legolost,464
Leifern,746
Lenticel,917
LeonWeber,129
Lerdthenerd,877
LestatdeLioncourt,612
Letsdrinktea,100
Leyo,930
Lid,848
Lifeisunfair,103
Lightmouse,623
Lil-unique1,"1,058"
Linas,765
Ling.Nut,N/A
Linuxbeak,N/A
Lionmadness,N/A
Lisasmall,N/A
Lithistman,N/A
Littlealien182,N/A
Liveste,N/A
Llywrch,N/A
Location,N/A
Loganberry,N/A
Lokyz,N/A
Londonfella,N/A
Looie496,N/A
LordHarris,N/A
LordSunday,N/A
LoriLee,N/A
Lostvalley,N/A
Lova,N/A
Lovetinkle,N/A
Lradrama,N/A
Lucasbunchi,N/A
LuciferTiger,N/A
LuckyLouie,N/A
Ludraman,N/A
Luis,N/A
Lukasz,N/A
Lukep913,N/A
Lunar,N/A
Lustralaustral,N/A
Lyellin,N/A
Látches,N/A
M.O.X,N/A
M7it,N/A
MC10,N/A
MHLU,N/A
MLauba,N/A
MPerel,N/A
MVOO,N/A
Mabdul,N/A
MacRusgail,N/A
Macromonkey,N/A
Madchester,N/A
Madman,N/A
Maestrosync,N/A
Magnus,N/A
Maidahl,N/A
Mais,N/A
Makemi,N/A
MalcolmGin,N/A
Malfidus,N/A
Malke,N/A
Malo,N/A
ManekiNeko,N/A
ManiF,N/A
Manojlo,N/A
Manway,N/A
Marauder40,N/A
Marco,N/A
Marcus2,N/A
Mareino,N/A
Marie,N/A
MariusM,N/A
MarkBeer,N/A
Markerdryer,N/A
Marktheprices,N/A
MarmadukePercy,N/A
Martial,N/A
MartinRe,N/A
Martintg,N/A
Marx01,N/A
Masonpatriot,N/A
MasterEagle,N/A
Masterpiece2000,N/A
MathKnight,N/A
Mathsci,N/A
Matilda,N/A
Matt319,N/A
Mattbuck,N/A
MatthewFenton,N/A
Mattinbgn,N/A
Matty,N/A
Maurreen,N/A
Mawfive,N/A
Maximaximax,N/A
Maxschmelling,N/A
Mb1000,N/A
Mbisanz,N/A
Mccready,N/A
Mcstcisco,N/A
Mdd4696,N/A
Medtopic,N/A
Megaboz,N/A
Megapixie,N/A
Meisfunny,N/A
MelbourneStar,N/A
Meldshal42,N/A
Member,N/A
Mendaliv,N/A
Mentoz86,N/A
Merkinsmum,N/A
Merzul,N/A
Metagraph,N/A
Meteoroid,N/A
MetsFan76,N/A
Mfield,N/A
Mhking,N/A
Micahmn,N/A
MichaelQSchmidt,N/A
Michaelzeng7,N/A
Mickeystern,N/A
Midgley,N/A
Mietchen,N/A
Mihnea,N/A
Mike1024,N/A
MikeBeckett,N/A
MikeWattHCP,N/A
Mikereichold,N/A
Milan,N/A
Milk's,N/A
Milowent,N/A
Minderbinder,N/A
MindstormsKid,N/A
Minimac94,N/A
Minun,N/A
Miranda,N/A
Mishauli,N/A
Missing,N/A
Mister1nothing,N/A
Mistress,N/A
Mitrius,N/A
Mjchesnel,N/A
Mkdw,N/A
Mm40,N/A
Mms,N/A
Mo0,N/A
Modemac,N/A
Moffedille,N/A
Mojska,N/A
Momento,N/A
Moni3,N/A
Monkeyman,N/A
Monor,N/A
Montenegro,N/A
Moon,N/A
Moonriddengirl,N/A
Morbidthoughts,N/A
Morgankevinj,N/A
Morton,N/A
Mostlyharmless,N/A
Mpdelbuono,N/A
Mr.Z-man,N/A
MrFish,N/A
MrOllie,N/A
MrWhich,N/A
Mrfixter,N/A
Mrmattkatt,N/A
Mrs.EasterBunny,N/A
Mscuthbert,N/A
Mu301,N/A
Mujinga,N/A
Murcielago,N/A
Mus,N/A
Mustafa,N/A
Mwanner,N/A
My76Strat,N/A
MykReeve,N/A
Myrtone86,N/A
Mysterytrey,N/A
N,N/A
NAHID,N/A
NEMT,N/A
NLinpublic,N/A
NSLE,N/A
NW's,N/A
Nableezy,N/A
Nae'blis,N/A
Naja,N/A
Nandesuka,N/A
Narson,N/A
Nat,N/A
Natalya,N/A
Nationalparks,N/A
Natsayhi,N/A
Naveenbm,N/A
Nawsum526,N/A
NealIRC,N/A
Ned,N/A
NeilN,N/A
NeoChaosX,N/A
Neotarf,N/A
Neranei,N/A
Neskaya,N/A
Netoholic,N/A
Neurolysis,N/A
Neutrality,N/A
Nevermind2,N/A
Newnoise,N/A
Next,N/A
Ngb,N/A
NicholasTurnbull,N/A
NickBall,N/A
NickelAndDime,N/A
Nico,N/A
Nifky?,N/A
NightDragon,N/A
Nihonjoe,N/A
Nil,N/A
Nimbus227,N/A
Nineteenninetyfour,N/A
Nips,N/A
Niteowlneils,N/A
Nixwisser,N/A
Nk.sheridan,N/A
Nneonneo,N/A
NoPuzzleStranger,N/A
Nobugs,N/A
Nohat,N/A
Nol888,N/A
Nomader,N/A
Nookdog,N/A
Norm,N/A
North8000,N/A
NortyNort,N/A
Notafish,N/A
NovaDog,N/A
Novice7,N/A
Npnunda,N/A
Nsk92,N/A
Nufy8,N/A
Numskll,N/A
Nutarama,N/A
Nycmstar,N/A
Nyttend,N/A
O.B.,N/A
OSU80,N/A
Oberst,N/A
ObsidianOrder,N/A
Occuli,N/A
Oda,N/A
Off!,N/A
OhanaUnited,N/A
Ohnoitsjamie,N/A
Olaf,N/A
OldakQuill,N/A
Olei,N/A
OllieFury,N/A
Omega735,N/A
Omicronpersei8,N/A
Omulazimoglu,N/A
Onebravemonkey,N/A
Only,N/A
Onthost,N/A
OpenTheWindows,N/A
OptimistBen,N/A
Orangesodakid,N/A
Oren0,N/A
Orioane,N/A
Orphan,N/A
Orthologist,N/A
Oscarthecat,N/A
Osmanjunaid,N/A
Otherlleft,N/A
Ottawa4ever,N/A
Ottre,N/A
OverlordQ,N/A
Oysterguitarist,N/A
P.K.Niyogi,N/A
P4k,N/A
PDH,N/A
PIO,N/A
PMA,N/A
POY,N/A
PS.,N/A
PTR,N/A
Pablo,N/A
PaddyLeahy,N/A
Pagrashtak,N/A
Pal,N/A
Pally01,N/A
Panda,N/A
Paolo,N/A
Parallel,N/A
Parker007,N/A
Parsecboy,N/A
Partylikeahatunicorn,N/A
Pass,N/A
Pastor,N/A
Patitomr,N/A
PatrickA,N/A
Patsw,N/A
PaulVIF,N/A
Pavlvsrex,N/A
Paxse,N/A
Pdfpdf,N/A
Peachypoh,N/A
Pedro,N/A
Pejman47,N/A
Pentawing,N/A
Pepsidrinka,N/A
Peridon,N/A
Permethius,N/A
Peruvianllama,N/A
Peteforsyth,N/A
PeterbrownDancin,N/A
PetraSchelm,N/A
Pfctdayelise,N/A
Pgk,N/A
PhantomS,N/A
Phaunt,N/A
Phil153,N/A
PhilipO,N/A
Phils,N/A
Phoenix2,100
Phroziac,N/A
Pi,865
Picaroon9288,N/A
Piemanmoo,103
Pikiwyn,844
Pill-,N/A
Pink,100
Pioneer-12,678
PirateSmackK,666
Pizzahunks,409
PlasmaTime,468
Plek,635
Plutonium27,837
Pmlineditor,991
Poeticbent,831
Poindexter,100
Polargeo,743
Polarwolf,585
Politis,605
Pollytyred,N/A
Polynomial123,508
Ponyo,N/A
PopularMax,447
Porqin,730
Poulsen,658
Pr3st0n,454
Prav001,N/A
PresN,N/A
Pretty,N/A
Primus,N/A
PrincessWortheverything,N/A
Privatemusings,N/A
Prodigy130,N/A
ProhibitOnions,N/A
Prom3th3an,N/A
Proteus,N/A
Psb777,N/A
Pseudofusulina,N/A
Psyphics,N/A
PullToOpen,N/A
Punkmorten,N/A
Purple,N/A
Push,N/A
Pwnage8,N/A
Pzrmd,N/A
Qaddosh,N/A
Qp10qp,N/A
Quadzilla99,N/A
Quarl,N/A
Queerbubbles,N/A
Quicksandish,N/A
QuiteUnusual,N/A
Qwghlm,N/A
R,N/A
R.Koot,N/A
RC-0722,N/A
RFD,N/A
RHB,N/A
RK,N/A
RPIRED,N/A
Ra'ike,N/A
Racepacket,N/A
Raddicks,N/A
Radical,N/A
Radiopathy,N/A
Raffaelloo9,N/A
Ragib,N/A
RainbowSwirl,N/A
Ral315,N/A
Ramaksoud2000,N/A
Rami,N/A
RandalSchwartz,N/A
RandomOrca2,N/A
Randy,N/A
Rannpháirtí,N/A
Rasputin72,N/A
RattleMan,N/A
Ravenswing,N/A
Rayis,N/A
Razorflame,N/A
Rcsprinter,N/A
Reach,N/A
Realist2,N/A
Rebecca,N/A
Reconsideration,N/A
RedWolf,871
Redcountess,492
Rednblu,710
Redux,744
Reene,652
Regent,N/A
Reinis,592
Remember,712
Rentastrawberry,580
Res2216firestar,N/A
Resurgent,164
Retrolord,632
RevanFan,629
Revolver,525
RexxS,978
Rgoodermote,744
Rhodes416,N/A
RicDod,585
RichardF,704
Richerman,690
Richwales,"1,054"
RifeIdeas,571
RightCowLeftCoast,948
Rise,N/A
RiverlarkZ,140
Rje,845
Rkevins82,103
Rl,638
Rlogan2,567
Rmt2m,502
Roamataa,619
Robdurbar,855
Robin,674
Robomaeyhem,703
Rock09,131
Rockfang,851
Roderick,N/A
Rodzilla,558
Rogper,102
Romanspinner,N/A
Ronhjones,N/A
Ronnotel,845
Roozbeh,667
Rosiestep,N/A
Roundhouse0,609
RoySmith,938
Rracecarr,529
Rsheptak,419
Rudie,N/A
RuleOfThe9th,433
Runningonbrains,"1,149"
Rustavo,670
RxKaffee,144
Ryan,783
RyanFreisling,727
Rymich13,513
S,719
S.Örvarr.S,N/A
SBC-YPR,629
SFGiants,807
SKS2K6,762
SMasters,687
SQL,"1,193"
SU,N/A
SYSS,N/A
Sabrage,242
Sagaciousuk,599
Sakis79,414
Salazar,417
Salmonilla,125
Salvag,421
SamanthaFox27,130
Samir,"1,027"
SamuelWantman,N/A
Sandahl,100
SandyDancer,631
Sansculotte,176
SarahStierch,154
Sardanaphalus,743
Sartaj,447
Sashazlv,603
Satori,713
SaxTeacher,672
Scaife,686
Scetoaux,821
Schlamniel,148
Scholarly,270
Schutz,842
Scieberking,543
Scjessey,"1,008"
Scolaire,826
Scott3,617
Scottfisher,592
Scottywong,"1,115"
Sdsds,814
Sean,526
Seancdaug,710
Seaserpent85,635
Sebastiankessel,720
Secondarywaltz,792
Seduisant,829
Sefringle,N/A
Selena,N/A
Semperf,808
Sentriclecub,453
Seraphimblade,"1,131"
SergeantBolt,565
Sesameball,567
Sethdoe92,599
Severa,636
Sgeureka,923
ShadowHalo,N/A
Shagie,421
Shalom,109
Shanes,"1,017"
Shappy,N/A
Shatner1,513
Shauri,725
SheepNotGoats,843
Shem,586
Shibumi2,416
Shimmera,526
Shinjiman,757
Shirimasen,555
Shmitra,545
Shootbamboo,614
Shotwell,499
Shrigley,106
Shuki,746
Shyamal,997
Sidonuke,102
Silensor,705
Silver,N/A
Silverwolf85,102
SimonKSK,640
Simple,N/A
Sindell,160
Sinhala,139
SirFozzie,828
Sisodia,438
Sjakkalle,"1,120"
SkArcher,368
Skenmy,564
Skinny87,734
Sko1221,408
Sky,502
Skyler1534,673
Slambo,N/A
Slf67,100
Slipknot222,214
Slp1,"1,149"
Smallbones,904
Smbarnzy,548
SmileToday,645
SmithBlue,585
Smoddy,102
Smsarmad,"1,100"
Sn0wflake,N/A
Snardbafulator,232
Snillet,416
Snow,100
Snoyes,674
Soap,"1,259"
Socom49,463
Sokac121,500
Soleil,N/A
Solti,493
SomeStranger,574
Someoneinmyheadbutit'snotme,583
Sonia,924
Sonjaaa,603
Sopoforic,639
Soul,N/A
Soundvisions1,719
SouthernNights,"1,031"
Soxrock24,537
SpK,809
Spacefarer,448
Spangineer,948
Sparr,273
Spaully,727
Spebi,102
Speed,N/A
Spevw,504
Spidey665,517
Spinn,328
Splette,690
Spook`,569
SpuriousQ,925
SqueakBox,N/A
Sreed1234,N/A
Srose,725
Ssteedman,634
Staberinde,807
Stammer,522
Stanley,N/A
Stardust8212,698
Station1,965
Stco23,566
Steele,100
Stefano,N/A
Stephan,100
Stepshep,818
Steve,727
Stevecov,533
Stevenzenith,459
Stewartadcock,656
Stifle,"1,297"
Sting,503
Stone,729
Stormscape,513
Straight,155
Strike,100
Stringops,466
StuRat,566
Student7,"1,004"
Subversified,437
Suffice,361
Sukh,679
Sumsum2010,833
SunStar,100
Sunny910910,584
Suomi,N/A
SuperHamster,"1,140"
Superflyguy,187
Supten,604
Surturz,603
Sushant,100
Sven70,425
Swatjester,"1,146"
SwirlBoy39,667
Switchercat,821
SylwiaS,641
Synergy,922
Szquirrel,488
T-dot,N/A
TBDevilRays2009,210
TCNSV,431
THB,656
THUGCHILDz,613
TML,568
TParis,"1,198"
TSO1D,838
Ta,100
Tachikoma,N/A
TaerkastUA,825
TakuyaMurata,"1,015"
Tamsier,894
Tannin,781
Taprobanus,100
Tariqabjotu,"1,177"
Tasc0,635
Taw,615
Tazerdadog,932
Tchadienne,465
Tdxiang,742
Techman224,858
Tedernst,601
Teh,100
TelevisionMan13,280
Tembelejderha,338
Tenacious,N/A
Terenceong1992,N/A
Terrancommander,601
Terrybader,543
TestPilot,656
TexasAndroid,"1,108"
Tgenieyi,131
Thames,N/A
TharsHammar,645
Thatdog,714
TheBigPicture,205
TheDJ,867
TheFeds,759
TheInfinityZero,573
TheLetterM,806
TheOriginalSoni,103
ThePeepShow,323
TheRasIsBack,621
TheSparton,125
Thebirdlover,955
Theda,953
Thegroove,258
Theking17825,588
Themfromspace,"1,037"
Theoldanarchist,602
Theresa,N/A
Thesocialistesq,103
Thine,N/A
Thisisborin9,659
Thomas85753,513
Thorri,N/A
Thricecube,782
Thryduulf,"1,106"
Thunderhead1,201
Tiamut,732
Tiggerjay,"1,069"
Till,847
Tim1357,976
TimLambert,425
Timeshift9,816
Timotab,783
Timrollpickering,N/A
Tintin1107,828
Tisthammerw,519
Tivedshambo,103
Tkinias,623
Tmtoulouse,652
Toa,N/A
TodorBozhinov,860
Tohru,263
TomPointTwo,607
TomasBat,637
Tomica,902
Tommyjb,721
Tone,"1,007"
TonyTheTiger,N/A
Toon05,957
Tordek,N/A
Touch,N/A
Toxic,N/A
Trackinfo,943
Trampikey,761
Travb,N/A
TreasuryTag,"1,032"
Treelo,402
Trevor,154
Trident13,823
Triskaideka,653
Trolleybus,401
TruPepitoM,661
Trumpetband,473
Truthseeker,N/A
Tswsl1989,452
Tuckdogg,102
Tulkolahten,694
Turgidson,816
Tuspm,642
TuzsuzDeliBekir,523
Twaz,562
Twisted,N/A
Twsx,983
Tyrenius,958
U-Two,439
UTSRelativity,552
UberScienceNerd,911
Uga,N/A
Uhai,967
Ultraexactzz,"1,123"
Unbehagen,346
UncleDouggie,736
Uninsured,N/A
Unitanode,607
Unpopular,N/A
Until,N/A
Urban,115
Urshyam,N/A
User:Noren,N/A
Ushau97,711
Uthbrian,644
V,N/A
VJ.West,150
VSimonian,107
Vadder,589
Valerian456,470
VampWillow,615
Vandalism,N/A
Vao,N/A
Vasile,436
Vcxlor,N/A
VegitaU,N/A
VengeancePrime,486
Verdlanco,559
Versus22,879
Viajero,695
Vicenarian,940
Victoria,490
Vigyani,879
VinceB,505
Vintagekits,695
Viridae,889
VirtualSteve,909
Viskonsas,638
Viva,N/A
VivioFateFan,110
Vlatkoto,590
Vodello,806
Volatile,673
Vonita,204
Voyevoda,502
Vsmith,N/A
Vyvyan,127
WAS,586
WBardwin,642
WIkiman,115
WOSlinker,N/A
Wackywace,874
Waggers,"1,269"
Walkerma,768
Walter,571
Wangi,816
Wareh,707
Warpflyght,635
WarriorScribe,578
Wasted,N/A
Waterjuice,538
WeBuriedOurSecretsInTheGarden,N/A
Weatherman90,679
Wedian,626
WeijiBaikeBianji,734
Wellmann,N/A
Werdna648,139
Wernher,647
WestwoodMatt,484
Wgfinley,108
Where,822
WhisperToMe,N/A
Whitstable,N/A
Whouk,817
Wickethewok,908
Wiglaf,637
WikiCats,733
WikiKingOfMishawaka,525
WikiSlasher,666
Wikiality123,700
Wikidan829,578
Wikieditor222,113
Wikipedia,107
Wikipedianinthehouse,623
Wikipeditor,597
Wikiwizzy,N/A
Wildhartlivie,792
Will,485
WilliamThweatt,893
Willow177,603
Willydick,421
Windturbine,177
Winhunter,"1,019"
Wisesabre,558
Wizardry,101
Wjemather,912
Wl219,846
Wolfkeeper,793
Woodwalker,N/A
Wooty,N/A
Worm,100
Wrelwser43,523
WriterListener,752
Wslack,639
Ww2censor,"1,045"
X1987x,582
XP,562
Xasodfuih,655
Xchrisblackx,536
Xeno,"1,291"
Xenus,600
Xiaopo,486
Xiutwel,514
Xp54321,811
Xtv,566
Xyrael,N/A
Ya,N/A
Yaksha,706
Yamamoto,N/A
Yandman,784
Yanksox,919
Yasht101,N/A
YellowAssessmentMonkey,676
Yellowweasel,530
Yeshivish,102
Yilloslime,870
Ymblanter,N/A
Yodo,216
Yonatan,850
Yopienso,771
Yotcmdr,524
Youreallycan,736
Ypnypn,805
Yuber,679
Yuriy,N/A
Z.E.R.O.,663
ZacBowling,851
ZachsMind,499
Zaheer89,186
Zanaq,666
Zanthalon,441
Zapptastic,544
Zchangu,349
Zeldatime,127
Zepheus,713
Zeraeph,624
Zero0000,"1,019"
Zhang,173
ZimZalaBim,"1,176"
Zmaj,N/A
Zoney,771
Zouavman,N/A
Zserghei,449
Zzyzx11,N/A
ac1983fan,N/A
aliasd,648
auawise,151
billinghurst,"1,044"
brianherman,302
cf38,100
cool10191,100
daniel,"1,282"
ddstretch,940
doncram,N/A
e2eamon,778
elcobbola,822
fahadsadah,550
fvw,942
gordonjcp,413
harry491,629
hydkat,592
ikiroid,810
j,230
jiy,550
jscott,365
killerofkiller,173
liambussell,235
max,N/A
michaelgabrielsen,N/A
mynameinc,684
nerdfighter,100
ntennis,552
pd,N/A
phoebe,"1,001"
rdunn,646
roux,913
shoeofdeath,"1,017"
spencer195,654
sulmues,726
thedemonhog,751
thumperward,"1,145"
tmorton166,102
tsca,467
v,N/A
wiooiw,650
x42bn6,725
zanimum,"1,104"
Æk,N/A
Η-θ,N/A
Еdit,N/A
‎Jetijonez,N/A
완젬스,N/A
